,Ti(t+1),Ti(t+2),Ti(t+3),Ti(t+4)
0,26.34114646911621,26.284059524536133,26.236661911010742,26.20045280456543
1,26.335418701171875,26.281957626342773,26.24069595336914,26.170608520507812
2,26.33829116821289,26.29027557373047,26.21381378173828,26.001035690307617
3,26.343982696533203,26.26019859313965,26.037925720214844,25.846521377563477
4,26.22224235534668,26.007753372192383,25.8225154876709,25.74904441833496
5,25.909761428833008,25.744216918945312,25.67992401123047,25.576570510864258
6,25.33302116394043,25.313688278198242,25.277606964111328,25.26046371459961
7,25.019346237182617,25.04062843322754,25.070688247680664,25.10396957397461
8,25.025251388549805,25.058500289916992,25.094270706176758,25.118501663208008
9,25.117910385131836,25.141660690307617,25.156261444091797,25.173856735229492
10,25.127347946166992,25.14484214782715,25.1646785736084,25.186431884765625
11,25.28333854675293,25.276447296142578,25.274194717407227,25.278610229492188
12,25.371206283569336,25.34902000427246,25.338708877563477,25.340274810791016
13,25.451122283935547,25.420982360839844,25.407140731811523,25.399988174438477
14,25.54119300842285,25.50503158569336,25.47976303100586,25.46595573425293
15,25.634323120117188,25.585174560546875,25.551786422729492,25.530160903930664
16,25.719873428344727,25.66132164001465,25.619857788085938,25.578231811523438
17,25.726280212402344,25.672950744628906,25.6209774017334,25.570964813232422
18,25.733057022094727,25.669313430786133,25.610280990600586,25.55076789855957
19,25.88243293762207,25.78290557861328,25.69009017944336,25.615482330322266
20,25.797056198120117,25.701480865478516,25.624597549438477,25.563650131225586
21,25.623252868652344,25.56193733215332,25.51384735107422,25.476974487304688
22,25.70334243774414,25.626195907592773,25.565507888793945,25.529802322387695
23,25.729175567626953,25.6466007232666,25.595230102539062,25.550277709960938
24,25.754526138305664,25.682151794433594,25.620405197143555,25.567026138305664
25,25.798757553100586,25.71424674987793,25.642728805541992,25.575862884521484
26,25.874982833862305,25.771867752075195,25.67807960510254,25.60334014892578
27,25.8317813873291,25.725370407104492,25.6398983001709,25.76627540588379
28,25.779071807861328,25.681371688842773,25.80539894104004,25.897409439086914
29,25.620290756225586,25.747732162475586,25.843852996826172,25.81502342224121
30,26.008852005004883,26.08339500427246,26.015443801879883,25.773412704467773
31,26.07541275024414,26.008840560913086,25.769445419311523,25.688413619995117
32,26.3507022857666,25.97391128540039,25.850509643554688,25.758056640625
33,25.884008407592773,25.77945327758789,25.70047378540039,25.63372802734375
34,25.712736129760742,25.646251678466797,25.589874267578125,25.604597091674805
35,25.798032760620117,25.71245765686035,25.712800979614258,25.796178817749023
36,25.794387817382812,25.78469467163086,25.863710403442383,25.94198989868164
37,25.70183753967285,25.785839080810547,25.869539260864258,25.847763061523438
38,25.878023147583008,25.955230712890625,25.921960830688477,25.8039608001709
39,26.021438598632812,25.978839874267578,25.84861946105957,25.74416732788086
40,26.045774459838867,25.90095329284668,25.785938262939453,25.763141632080078
41,25.865192413330078,25.757404327392578,25.738059997558594,25.654787063598633
42,25.8646297454834,25.832027435302734,25.731224060058594,25.64830207824707
43,25.775480270385742,25.68526268005371,25.61090660095215,25.542261123657227
44,25.786296844482422,25.693035125732422,25.607656478881836,25.594221115112305
45,25.62290382385254,25.551816940307617,25.544788360595703,25.594663619995117
46,25.5335693359375,25.528621673583984,25.579139709472656,25.629329681396484
47,25.587448120117188,25.635570526123047,25.68324851989746,25.731782913208008
48,25.742921829223633,25.785186767578125,25.828109741210938,25.868371963500977
49,25.744543075561523,25.78981590270996,25.832462310791016,25.87244415283203
50,25.93535804748535,25.96808624267578,25.99823760986328,26.022998809814453
51,26.381732940673828,26.366106033325195,26.350095748901367,26.333667755126953
52,26.54914093017578,26.504743576049805,26.46523666381836,26.429445266723633
53,26.707557678222656,26.631669998168945,26.567768096923828,26.515214920043945
54,26.783288955688477,26.689720153808594,26.614912033081055,26.554054260253906
55,26.781030654907227,26.687931060791016,26.61347007751465,26.555320739746094
56,26.85756492614746,26.748083114624023,26.664100646972656,26.59417724609375
57,26.781030654907227,26.69026756286621,26.615354537963867,26.549463272094727
58,26.859766006469727,26.749799728393555,26.658349990844727,26.58214569091797
59,26.85756492614746,26.743465423583984,26.650880813598633,26.57605743408203
60,26.853116989135742,26.737651824951172,26.646224975585938,26.569761276245117
61,26.850872039794922,26.73589515686035,26.642383575439453,26.564104080200195
62,26.850872039794922,26.733543395996094,26.638046264648438,26.558015823364258
63,26.771835327148438,26.668691635131836,26.58307456970215,26.5074462890625
64,26.769495010375977,26.664382934570312,26.57447624206543,26.50029182434082
65,26.68865394592285,26.594263076782227,26.516738891601562,26.451923370361328
66,26.683765411376953,26.590286254882812,26.51344108581543,26.44645881652832
67,26.683765411376953,26.590286254882812,26.510814666748047,26.444238662719727
68,26.603479385375977,26.521760940551758,26.453474044799805,26.392778396606445
69,26.600936889648438,26.519655227661133,26.448999404907227,26.386171340942383
70,26.600936889648438,26.517019271850586,26.444053649902344,26.384714126586914
71,26.598377227783203,26.512239456176758,26.442739486694336,26.386350631713867
72,26.513587951660156,26.443878173828125,26.38732147216797,26.338640213012695
73,26.516239166259766,26.448820114135742,26.39155387878418,26.342302322387695
74,26.518877029418945,26.45104217529297,26.393451690673828,26.343942642211914
75,26.518877029418945,26.45104217529297,26.393451690673828,26.34672737121582
76,26.43509864807129,26.379802703857422,26.33492088317871,26.29305076599121
77,26.43509864807129,26.38255500793457,26.334510803222656,26.292694091796875
78,26.437793731689453,26.382112503051758,26.33412742614746,26.295190811157227
79,26.43509864807129,26.379802703857422,26.33492088317871,26.29588508605957
80,26.43509864807129,26.38255500793457,26.337305068969727,26.300779342651367
81,26.437793731689453,26.384862899780273,26.342077255249023,26.304941177368164
82,26.352380752563477,26.31391143798828,26.28032875061035,26.24217414855957
83,26.355138778686523,26.316308975219727,26.273880004882812,26.23059844970703
84,26.355138778686523,26.307861328125,26.26064109802246,26.218841552734375
85,26.346799850463867,26.294836044311523,26.249147415161133,26.20861053466797
86,26.34114646911621,26.289886474609375,26.244775772094727,26.19568634033203
87,26.34114646911621,26.289886474609375,26.235862731933594,26.17535972595215
88,26.34114646911621,26.281112670898438,26.215885162353516,26.154207229614258
89,26.332523345947266,26.261526107788086,26.19527244567871,26.13555335998535
90,26.320756912231445,26.248056411743164,26.18318748474121,26.11815643310547
91,26.317766189575195,26.245405197143555,26.174482345581055,26.106966018676758
92,26.229623794555664,26.16025161743164,26.093965530395508,26.033008575439453
93,26.22340202331543,26.15142059326172,26.08588218688965,26.022171020507812
94,26.220260620117188,26.148578643798828,26.07997703552246,26.01331329345703
95,26.220260620117188,26.145341873168945,26.073680877685547,26.007469177246094
96,26.217100143432617,26.139219284057617,26.06805419921875,25.998462677001953
97,26.213916778564453,26.136329650878906,26.061294555664062,25.880109786987305
98,26.213916778564453,26.131868362426758,25.93947410583496,25.799421310424805
99,26.209081649780273,26.003896713256836,25.85565185546875,25.819530487060547
100,25.99635124206543,25.84908103942871,25.81327247619629,25.712543487548828
101,25.852256774902344,25.816295623779297,25.71522331237793,25.586565017700195
102,25.182453155517578,25.149267196655273,25.131593704223633,25.143138885498047
103,25.164857864379883,25.14397621154785,25.154085159301758,25.207656860351562
104,25.251850128173828,25.249778747558594,25.30025863647461,25.36591148376465
105,25.381855010986328,25.42828941345215,25.489957809448242,25.563947677612305
106,25.542633056640625,25.600383758544922,25.670185089111328,25.723676681518555
107,25.751182556152344,25.81389617919922,25.859621047973633,25.920434951782227
108,25.859981536865234,25.902780532836914,25.960575103759766,25.927440643310547
109,26.032367706298828,26.079675674438477,26.029430389404297,25.913719177246094
110,26.14092254638672,26.081308364868164,25.955381393432617,25.94546127319336
111,26.04669189453125,25.927602767944336,25.921485900878906,25.824644088745117
112,25.97034454345703,25.95834732055664,25.853530883789062,25.7180118560791
113,26.153226852416992,26.00495719909668,25.82501220703125,25.84790802001953
114,25.963836669921875,25.796005249023438,25.82281494140625,25.761625289916992
115,25.89185905456543,25.905500411987305,25.825841903686523,25.75311279296875
116,26.082313537597656,25.96209716796875,25.856182098388672,25.805728912353516
117,26.0517520904541,25.923593521118164,25.85838508605957,25.806480407714844
118,26.034120559692383,25.944231033325195,25.875316619873047,25.833250045776367
119,25.995054244995117,25.915874481201172,25.865840911865234,25.811241149902344
120,25.919811248779297,25.869001388549805,25.813751220703125,25.777557373046875
121,25.85309600830078,25.801103591918945,25.767488479614258,25.72203826904297
122,25.758800506591797,25.7337703704834,25.696210861206055,25.672454833984375
123,25.924959182739258,25.84222984313965,25.78514862060547,25.777502059936523
124,25.974634170532227,25.8867244720459,25.85695457458496,25.808874130249023
125,25.90609359741211,25.872053146362305,25.820463180541992,25.76681900024414
126,25.8673038482666,25.816816329956055,25.764055252075195,25.718673706054688
127,25.918291091918945,25.840681076049805,25.776580810546875,25.719985961914062
128,25.902109146118164,25.822891235351562,25.755327224731445,25.69264793395996
129,25.896394729614258,25.811290740966797,25.73455238342285,25.679170608520508
130,25.889822006225586,25.793231964111328,25.723230361938477,25.6591796875
131,25.87522315979004,25.78466796875,25.704315185546875,25.673526763916016
132,25.803194046020508,25.717914581298828,25.68408966064453,25.811359405517578
133,25.568571090698242,25.56795883178711,25.704124450683594,25.838668823242188
134,25.514606475830078,25.654565811157227,25.792694091796875,25.922706604003906
135,25.733802795410156,25.8660945892334,25.98965835571289,26.100929260253906
136,26.10785675048828,26.20548439025879,26.290332794189453,26.362911224365234
137,26.37110710144043,26.43095588684082,26.480714797973633,26.52361488342285
138,26.53740692138672,26.56780433654785,26.594261169433594,26.616432189941406
139,26.618175506591797,26.63457489013672,26.648548126220703,26.660547256469727
140,26.6992244720459,26.69952964782715,26.700679779052734,26.70158576965332
141,26.700138092041016,26.70115852355957,26.70195960998535,26.700756072998047
142,26.740020751953125,26.732275009155273,26.724437713623047,26.716495513916016
143,26.77861976623535,26.7603702545166,26.74444580078125,26.730249404907227
144,26.6992244720459,26.69676971435547,26.692981719970703,26.690006256103516
145,26.775043487548828,26.753982543945312,26.737659454345703,26.719358444213867
146,26.849475860595703,26.811138153076172,26.776309967041016,26.74374008178711
147,26.849475860595703,26.805700302124023,26.76649284362793,26.73418426513672
148,26.84410858154297,26.796024322509766,26.75710105895996,26.72879981994629
149,26.8386173248291,26.789926528930664,26.754295349121094,26.70452117919922
150,26.83675765991211,26.790388107299805,26.73278045654297,26.687578201293945
151,26.8386173248291,26.77022933959961,26.717025756835938,26.6531982421875
152,26.817373275756836,26.75377655029297,26.68241310119629,26.620853424072266
153,26.740272521972656,26.671707153320312,26.612228393554688,26.551851272583008
154,26.639589309692383,26.58622932434082,26.530466079711914,26.47138786315918
155,26.71438217163086,26.6347713470459,26.5578670501709,26.494285583496094
156,26.70292854309082,26.613370895385742,26.54027557373047,26.476985931396484
157,26.691072463989258,26.60377311706543,26.529796600341797,26.46291160583496
158,26.611003875732422,26.5357666015625,26.46792984008789,26.40512466430664
159,26.608510971069336,26.528541564941406,26.45648956298828,26.398103713989258
160,26.603479385375977,26.519128799438477,26.451255798339844,26.390878677368164
161,26.598377227783203,26.517532348632812,26.447206497192383,26.390174865722656
162,26.518877029418945,26.44834327697754,26.39114761352539,26.33347511291504
163,26.516239166259766,26.448820114135742,26.383220672607422,26.3237247467041
164,26.518877029418945,26.442886352539062,26.37531280517578,26.313945770263672
165,26.510913848876953,26.43338394165039,26.36429214477539,26.31011962890625
166,26.424123764038086,26.356298446655273,26.303142547607422,26.26230239868164
167,26.42133331298828,26.359582901000977,26.311731338500977,26.278417587280273
168,26.426895141601562,26.369985580444336,26.329198837280273,26.326078414916992
169,26.43238067626953,26.382957458496094,26.372283935546875,26.35800552368164
170,26.355138778686523,26.348432540893555,26.33748435974121,26.320100784301758
171,26.38683319091797,26.3704776763916,26.348600387573242,26.329721450805664
172,26.381732940673828,26.358278274536133,26.33808135986328,26.307024002075195
173,26.373945236206055,26.351585388183594,26.31876564025879,26.281753540039062
174,26.373945236206055,26.338138580322266,26.298690795898438,26.264129638671875
175,26.360605239868164,26.31826400756836,26.281312942504883,26.25168228149414
176,26.352380752563477,26.31110954284668,26.27787208557129,26.25149154663086
177,26.352380752563477,26.31391143798828,26.28314208984375,26.258955001831055
178,26.268123626708984,26.24289321899414,26.22342300415039,26.208993911743164
179,26.27094841003418,26.248218536376953,26.23097038269043,26.21851921081543
180,26.273754119873047,26.25349998474121,26.23844337463379,26.227937698364258
181,26.276540756225586,26.258737564086914,26.245849609375,26.219449996948242
182,26.27931022644043,26.26393699645996,26.2352237701416,26.091428756713867
183,26.282060623168945,26.250978469848633,26.104290008544922,26.0028133392334
184,26.26651954650879,26.11695098876953,26.01353645324707,26.02821922302246
185,26.062578201293945,25.96737289428711,25.985767364501953,26.008634567260742
186,25.91388702392578,25.936241149902344,25.962984085083008,25.990562438964844
187,25.25368309020996,25.3125,25.37152862548828,25.43314552307129
188,25.357208251953125,25.41474723815918,25.47487449645996,25.474111557006836
189,25.456098556518555,25.5147647857666,25.509475708007812,25.46189308166504
190,25.46063995361328,25.461483001708984,25.423505783081055,25.400981903076172
191,25.584959030151367,25.522314071655273,25.48029136657715,25.44705581665039
192,25.694171905517578,25.618284225463867,25.55762481689453,25.522884368896484
193,25.54269027709961,25.497045516967773,25.472806930541992,25.463319778442383
194,25.542978286743164,25.51077651977539,25.494062423706055,25.474985122680664
195,25.55790138244629,25.532222747802734,25.505239486694336,25.490266799926758
196,25.72785758972168,25.660287857055664,25.610876083374023,25.590099334716797
197,25.71730613708496,25.65519905090332,25.62590217590332,25.593183517456055
198,25.796733856201172,25.73993492126465,25.685022354125977,25.679201126098633
199,25.7425594329834,25.6871337890625,25.68092918395996,25.674671173095703
200,25.65289306640625,25.652904510498047,25.651824951171875,25.642648696899414
201,25.773046493530273,25.749597549438477,25.71990966796875,25.76610565185547
202,25.608659744262695,25.60848617553711,25.673479080200195,25.67110252380371
203,25.759645462036133,25.799030303955078,25.772323608398438,25.678253173828125
204,25.83238983154297,25.79911994934082,25.697507858276367,25.6550235748291
205,25.932931900024414,25.79349708557129,25.7244873046875,25.714540481567383
206,25.841455459594727,25.759157180786133,25.74285125732422,25.787261962890625
207,25.801433563232422,25.77730941772461,25.81538963317871,25.802701950073242
208,25.694520950317383,25.74774169921875,25.747581481933594,25.93450355529785
209,25.915090560913086,25.88353157043457,26.059284210205078,26.206642150878906
210,25.79018211364746,25.97382926940918,26.130054473876953,26.23554229736328
211,26.164363861083984,26.299335479736328,26.381011962890625,26.2083797454834
212,26.500886917114258,26.548460006713867,26.329971313476562,26.06761360168457
213,26.7076473236084,26.443269729614258,26.145153045654297,26.199129104614258
214,26.366907119750977,26.09296989440918,26.155147552490234,26.12699317932129
215,26.183692932128906,26.23140525817871,26.18851661682129,26.08045196533203
216,25.989885330200195,25.991743087768555,25.92593002319336,25.847158432006836
217,26.000085830688477,25.93253517150879,25.852272033691406,25.744985580444336
218,26.011293411254883,25.9130916595459,25.789588928222656,25.73808479309082
219,26.057329177856445,25.894922256469727,25.822418212890625,25.760528564453125
220,25.998252868652344,25.90461540222168,25.826257705688477,25.756336212158203
221,25.66603660583496,25.634788513183594,25.60220718383789,25.552309036254883
222,25.7425479888916,25.689077377319336,25.620885848999023,25.57087516784668
223,25.815351486206055,25.720346450805664,25.650222778320312,25.597482681274414
224,25.708276748657227,25.640602111816406,25.589778900146484,25.54676055908203
225,25.713621139526367,25.648218154907227,25.59381675720215,25.53801727294922
226,25.717195510864258,25.649295806884766,25.582101821899414,25.521469116210938
227,25.79567527770996,25.69821548461914,25.613540649414062,25.549362182617188
228,25.701635360717773,25.616249084472656,25.551549911499023,25.56416130065918
229,25.694080352783203,25.614355087280273,25.620973587036133,25.516977310180664
230,25.69962501525879,25.697837829589844,25.571195602416992,25.578624725341797
231,25.876646041870117,25.697317123413086,25.69295883178711,25.73785972595215
232,25.784093856811523,25.771116256713867,25.811792373657227,25.84697151184082
233,25.604795455932617,25.65386962890625,25.697500228881836,25.739015579223633
234,25.6492862701416,25.693132400512695,25.73486328125,25.771289825439453
235,25.83588981628418,25.869569778442383,25.898008346557617,25.92451286315918
236,26.29019546508789,26.27893829345703,26.269086837768555,26.260448455810547
237,26.458724975585938,26.42393684387207,26.394397735595703,26.371768951416016
238,26.541807174682617,26.49366569519043,26.45594596862793,26.429243087768555
239,26.62320327758789,26.563289642333984,26.518917083740234,26.479597091674805
240,26.544267654418945,26.5031681060791,26.466432571411133,26.433015823364258
241,26.630321502685547,26.5715274810791,26.52080535888672,26.478670120239258
242,26.627967834472656,26.567182540893555,26.517213821411133,26.475669860839844
243,26.625593185424805,26.565242767333984,26.51561164855957,26.47433090209961
244,26.625593185424805,26.565242767333984,26.51561164855957,26.47433090209961
245,26.625593185424805,26.565242767333984,26.51561164855957,26.471805572509766
246,26.544267654418945,26.49821662902832,26.45722770690918,26.422670364379883
247,26.544267654418945,26.495712280273438,26.455121994018555,26.41830062866211
248,26.541807174682617,26.49366569519043,26.450843811035156,26.41206169128418
249,26.541807174682617,26.49114418029785,26.446147918701172,26.405439376831055
250,26.4561710357666,26.416582107543945,26.380210876464844,26.34627342224121
251,26.453601837158203,26.41177749633789,26.37342071533203,26.33768653869629
252,26.45100975036621,26.40692901611328,26.36656379699707,26.327617645263672
253,26.363309860229492,26.328935623168945,26.29487419128418,26.260770797729492
254,26.360605239868164,26.32244873046875,26.284975051879883,26.24917221069336
255,26.35651397705078,26.314708709716797,26.27534294128418,26.237762451171875
256,26.352380752563477,26.308290481567383,26.266830444335938,26.230222702026367
257,26.349599838256836,26.30302619934082,26.26219940185547,26.21725082397461
258,26.259531021118164,26.22374725341797,26.18292236328125,26.14006996154785
259,26.259531021118164,26.214876174926758,26.16887855529785,26.127365112304688
260,26.250764846801758,26.20104217529297,26.156429290771484,26.10979461669922
261,26.244823455810547,26.195730209350586,26.145429611206055,26.099777221679688
262,26.244823455810547,26.189611434936523,26.139894485473633,26.094728469848633
263,26.149290084838867,26.103294372558594,26.061243057250977,26.022525787353516
264,26.149290084838867,26.103294372558594,26.061243057250977,26.019271850585938
265,26.149290084838867,26.103294372558594,26.058025360107422,26.00971794128418
266,26.149290084838867,26.10011863708496,26.04860496520996,26.004287719726562
267,26.14615821838379,26.090845108032227,26.0433292388916,25.996084213256836
268,26.04849624633789,26.004186630249023,25.959625244140625,25.914466857910156
269,26.051759719848633,26.003910064697266,25.955995559692383,25.91446304321289
270,26.04849624633789,25.997549057006836,25.95342445373535,25.905197143554688
271,26.04521369934082,25.997835159301758,25.946922302246094,25.89906883239746
272,26.04849624633789,25.994203567504883,25.94351577758789,25.89585304260254
273,26.041912078857422,25.988079071044922,25.937776565551758,25.90072250366211
274,26.041912078857422,25.988079071044922,25.94792366027832,25.910268783569336
275,26.041912078857422,25.998079299926758,25.9572696685791,25.915658950805664
276,25.959064483642578,25.92073631286621,25.881237030029297,25.83686637878418
277,25.959064483642578,25.917348861694336,25.871122360229492,25.80864715576172
278,25.955713272094727,25.907352447509766,25.842815399169922,25.704599380493164
279,25.94894790649414,25.88186264038086,25.738576889038086,25.626798629760742
280,25.929513931274414,25.779905319213867,25.663482666015625,25.52984046936035
281,25.840747833251953,25.717327117919922,25.574064254760742,25.461315155029297
282,25.592485427856445,25.471481323242188,25.377199172973633,25.305524826049805
283,24.989429473876953,24.986955642700195,24.99155616760254,25.015483856201172
284,24.9953556060791,24.998205184936523,25.020790100097656,25.052730560302734
285,24.76842498779297,24.839763641357422,24.909000396728516,24.97919464111328
286,24.86432647705078,24.92832374572754,24.994333267211914,25.061153411865234
287,24.877843856811523,24.954858779907227,25.03032684326172,25.106948852539062
288,24.89446449279785,24.983417510986328,25.069183349609375,25.135316848754883
289,24.834749221801758,24.950706481933594,25.039411544799805,25.119115829467773
290,25.082515716552734,25.14617156982422,25.206645965576172,25.262060165405273
291,24.998714447021484,25.085956573486328,25.164026260375977,25.232847213745117
292,25.006074905395508,25.09964942932129,25.181289672851562,25.270078659057617
293,24.93597412109375,25.05146598815918,25.191375732421875,25.255754470825195
294,25.102012634277344,25.221912384033203,25.2774600982666,25.355188369750977
295,25.281492233276367,25.319948196411133,25.39104461669922,25.415306091308594
296,24.982831954956055,25.108781814575195,25.251144409179688,25.317045211791992
297,24.95903778076172,25.165597915649414,25.251440048217773,25.319568634033203
298,25.24609375,25.313161849975586,25.358705520629883,25.392332077026367
299,25.201400756835938,25.287965774536133,25.34161949157715,25.41413688659668
300,25.10054588317871,25.20840835571289,25.305864334106445,25.39617156982422
301,24.999608993530273,25.1379337310791,25.306516647338867,25.393571853637695
302,24.98045539855957,25.22358512878418,25.327396392822266,25.423627853393555
303,25.28643226623535,25.377521514892578,25.464536666870117,25.51943016052246
304,25.388362884521484,25.473390579223633,25.526451110839844,25.673866271972656
305,25.15896987915039,25.27839469909668,25.450712203979492,25.468639373779297
306,25.468290328979492,25.621631622314453,25.589174270629883,25.578699111938477
307,25.470163345336914,25.482328414916992,25.50157356262207,25.58478546142578
308,25.43301773071289,25.466062545776367,25.555219650268555,25.617923736572266
309,25.29939079284668,25.416574478149414,25.50399398803711,25.635074615478516
310,25.251768112182617,25.368886947631836,25.514841079711914,25.7398624420166
311,25.245342254638672,25.404863357543945,25.634347915649414,25.841075897216797
312,25.364566802978516,25.595539093017578,25.804235458374023,25.99431800842285
313,25.629671096801758,25.836639404296875,26.024343490600586,26.189001083374023
314,25.713041305541992,25.909164428710938,26.08458709716797,26.113609313964844
315,25.896913528442383,26.07337188720703,26.104164123535156,25.947126388549805
316,25.843515396118164,25.90776824951172,25.804899215698242,25.753576278686523
317,25.695165634155273,25.649824142456055,25.634498596191406,25.625720977783203
318,25.799245834350586,25.749244689941406,25.715023040771484,25.678340911865234
319,25.978036880493164,25.891979217529297,25.81705093383789,25.729604721069336
320,25.831851959228516,25.77003288269043,25.693099975585938,25.61400032043457
321,25.82331085205078,25.734458923339844,25.645370483398438,25.57477569580078
322,25.716367721557617,25.631649017333984,25.564233779907227,25.511606216430664
323,25.695024490356445,25.6129207611084,25.549633026123047,25.54991340637207
324,25.616741180419922,25.552616119384766,25.552526473999023,25.619829177856445
325,25.61762046813965,25.60943031311035,25.674091339111328,25.732418060302734
326,25.594018936157227,25.659414291381836,25.71849822998047,25.774431228637695
327,25.569583892822266,25.63297462463379,25.693384170532227,25.749155044555664
328,25.944171905517578,25.984928131103516,26.020893096923828,26.05230140686035
329,26.21579360961914,26.228403091430664,26.238178253173828,26.249422073364258
330,26.388099670410156,26.376680374145508,26.36945343017578,26.3607234954834
331,26.300783157348633,26.304065704345703,26.304309844970703,26.304523468017578
332,26.21579360961914,26.227067947387695,26.237001419067383,26.245738983154297
333,26.300783157348633,26.301462173461914,26.302051544189453,26.29730987548828
334,26.38683319091797,26.37559700012207,26.360849380493164,26.345571517944336
335,26.38683319091797,26.3704776763916,26.353853225708008,26.334260940551758
336,26.381732940673828,26.3635196685791,26.34260368347168,26.32453155517578
337,26.46377944946289,26.428211212158203,26.398033142089844,26.374879837036133
338,26.458724975585938,26.42393684387207,26.396987915039062,26.371368408203125
339,26.458724975585938,26.42650604248047,26.396583557128906,26.371023178100586
340,26.37656021118164,26.353836059570312,26.334245681762695,26.314605712890625
341,26.373945236206055,26.351585388183594,26.329631805419922,26.30789566040039
342,26.373945236206055,26.34893226623535,26.32464599609375,26.30082893371582
343,26.371315002441406,26.343994140625,26.31765365600586,26.289209365844727
344,26.368667602539062,26.339014053344727,26.307838439941406,26.280624389648438
345,26.27931022644043,26.255582809448242,26.234651565551758,26.216115951538086
346,26.273754119873047,26.250688552856445,26.230327606201172,26.209413528442383
347,26.273754119873047,26.250688552856445,26.227479934692383,26.203998565673828
348,26.185277938842773,26.16921615600586,26.15187644958496,26.136259078979492
349,26.18238639831543,26.1637020111084,26.146909713745117,26.128803253173828
350,26.179479598999023,26.161090850830078,26.141597747802734,26.117984771728516
351,26.089279174804688,26.076496124267578,26.058700561523438,26.03614616394043
352,26.086265563964844,26.06763458251953,26.044355392456055,26.019775390625
353,26.08017349243164,26.05586051940918,26.030376434326172,26.003665924072266
354,26.074003219604492,26.04706382751465,26.01909065246582,25.983470916748047
355,26.07088851928711,26.041038513183594,26.003835678100586,25.965972900390625
356,25.975502014160156,25.942834854125977,25.90886116027832,25.87344741821289
357,25.965700149536133,25.930322647094727,25.893699645996094,25.859106063842773
358,25.96239471435547,25.923860549926758,25.887605667114258,25.856761932373047
359,25.959064483642578,25.92073631286621,25.888059616088867,25.85031509399414
360,25.865068435668945,25.83540153503418,25.80023193359375,25.759511947631836
361,25.86848258972168,25.831729888916016,25.789670944213867,25.74937629699707
362,25.86162757873535,25.818204879760742,25.776731491088867,25.73694610595703
363,25.85468292236328,25.811582565307617,25.770389556884766,25.730852127075195
364,25.85468292236328,25.811582565307617,25.770389556884766,25.727235794067383
365,25.85468292236328,25.811582565307617,25.76681137084961,25.72740936279297
366,25.759288787841797,25.716541290283203,25.678936004638672,25.646215438842773
367,25.75569725036621,25.716711044311523,25.6827392578125,25.63883399963379
368,25.759288787841797,25.723772048950195,25.678590774536133,25.634807586669922
369,25.76285743713379,25.716337203979492,25.67139434814453,25.627819061279297
370,25.752084732055664,25.70594596862793,25.661331176757812,25.614294052124023
371,25.752084732055664,25.70594596862793,25.657617568969727,25.606903076171875
372,25.752084732055664,25.7022705078125,25.650314331054688,25.595985412597656
373,25.74844741821289,25.695053100585938,25.639537811279297,25.593076705932617
374,25.744789123535156,25.687788009643555,25.64000129699707,25.597293853759766
375,25.74110984802246,25.69166374206543,25.647489547729492,25.608320236206055
376,25.651853561401367,25.60882568359375,25.570695877075195,25.529714584350586
377,25.752084732055664,25.7096004486084,25.664873123168945,25.644041061401367
378,25.75569725036621,25.709430694580078,25.687089920043945,25.668846130371094
379,24.972070693969727,24.969587326049805,24.96967315673828,24.980979919433594
380,24.90061378479004,24.903573989868164,24.917509078979492,24.964628219604492
381,24.808076858520508,24.826631546020508,24.877925872802734,24.94583511352539
382,24.725149154663086,24.78223419189453,24.86322021484375,24.94859504699707
383,25.044021606445312,25.091344833374023,25.141510009765625,25.191492080688477
384,25.096620559692383,25.146018981933594,25.195226669311523,25.241777420043945
385,25.148906707763672,25.197614669799805,25.24369239807129,25.292272567749023
386,25.26767349243164,25.299951553344727,25.338319778442383,25.378698348999023
387,25.37977409362793,25.403823852539062,25.43238067626953,25.515907287597656
388,25.50271987915039,25.513561248779297,25.58905601501465,25.54376792907715
389,25.511327743530273,25.587047576904297,25.542333602905273,25.57028579711914
390,25.666749954223633,25.599166870117188,25.616899490356445,25.6151065826416
391,25.551565170288086,25.57785987854004,25.58408546447754,25.615894317626953
392,25.453533172607422,25.48529815673828,25.534618377685547,25.504032135009766
393,25.36363410949707,25.434566497802734,25.44344711303711,25.45671272277832
394,25.62898063659668,25.561418533325195,25.540063858032227,25.59159278869629
395,25.42258644104004,25.4420108795166,25.512224197387695,25.500411987304688
396,25.355907440185547,25.44261360168457,25.454824447631836,25.466623306274414
397,25.397506713867188,25.42536735534668,25.44713020324707,25.47804069519043
398,25.55807876586914,25.535158157348633,25.540903091430664,25.545541763305664
399,25.36452293395996,25.41924476623535,25.459569931030273,25.4887752532959
400,25.302959442138672,25.377845764160156,25.431753158569336,25.468685150146484
401,25.23670768737793,25.333890914916992,25.401416778564453,25.520008087158203
402,25.240066528320312,25.337297439575195,25.467851638793945,25.730844497680664
403,25.24244499206543,25.390893936157227,25.657724380493164,25.915382385253906
404,25.19607925415039,25.47176170349121,25.73957633972168,25.984825134277344
405,25.284719467163086,25.560609817504883,25.816919326782227,26.05147361755371
406,25.954917907714844,26.182048797607422,26.378210067749023,26.522598266601562
407,26.3985595703125,26.562278747558594,26.673690795898438,26.522979736328125
408,26.64591407775879,26.74057388305664,26.572221755981445,26.123125076293945
409,26.703989028930664,26.545347213745117,26.107553482055664,25.877986907958984
410,26.542409896850586,26.105852127075195,25.876920700073242,26.052810668945312
411,26.139196395874023,25.897863388061523,26.071762084960938,26.23208236694336
412,25.810333251953125,25.992197036743164,26.161174774169922,26.297157287597656
413,25.325286865234375,25.538949966430664,25.728466033935547,25.897212982177734
414,25.79991340637207,25.972509384155273,26.120399475097656,26.24289321899414
415,26.15454864501953,26.281736373901367,26.382417678833008,26.439695358276367
416,26.233901977539062,26.341468811035156,26.40529441833496,26.444971084594727
417,26.31223487854004,26.380573272705078,26.424230575561523,26.452733993530273
418,26.2844181060791,26.34262466430664,26.383974075317383,26.41484832763672
419,26.35594940185547,26.395273208618164,26.42436408996582,26.4410343170166
420,26.34763526916504,26.38410186767578,26.40715980529785,26.421987533569336
421,26.343469619750977,26.372705459594727,26.39286994934082,26.40524673461914
422,26.248943328857422,26.286701202392578,26.31450653076172,26.333576202392578
423,26.244043350219727,26.27754020690918,26.301664352416992,26.317550659179688
424,26.239072799682617,26.26822853088379,26.2885799407959,26.303714752197266
425,26.23402976989746,26.25876235961914,26.27780532836914,26.289262771606445
426,26.316112518310547,26.327516555786133,26.33230972290039,26.333898544311523
427,26.313602447509766,26.320301055908203,26.32353401184082,26.323762893676758
428,26.30852699279785,26.3133544921875,26.314960479736328,26.316349029541016
429,26.305965423583984,26.30855941772461,26.310808181762695,26.310161590576172
430,26.30337905883789,26.30631446838379,26.306264877319336,26.300973892211914
431,26.21579360961914,26.227067947387695,26.231630325317383,26.23565101623535
432,26.213115692138672,26.21931266784668,26.22478485107422,26.226898193359375
433,26.207700729370117,26.214521408081055,26.21782684326172,26.220752716064453
434,26.207700729370117,26.211790084838867,26.215410232543945,26.21861457824707
435,26.204965591430664,26.209365844726562,26.213266372680664,26.216716766357422
436,26.204965591430664,26.209365844726562,26.213266372680664,26.211210250854492
437,26.204965591430664,26.209365844726562,26.20775032043457,26.197898864746094
438,26.204965591430664,26.203845977783203,26.194425582885742,26.180299758911133
439,26.19943618774414,26.190500259399414,26.176790237426758,26.161609649658203
440,26.19099998474121,26.177236557006836,26.162006378173828,26.142423629760742
441,26.185277938842773,26.16921615600586,26.148916244506836,26.133588790893555
442,26.18238639831543,26.160757064819336,26.144262313842773,26.132343292236328
443,26.17654800415039,26.158458709716797,26.1451358795166,26.130178451538086
444,26.179479598999023,26.164016723632812,26.14719581604004,26.132036209106445
445,26.09227180480957,26.082246780395508,26.073110580444336,26.061735153198242
446,26.089279174804688,26.07952117919922,26.067594528198242,26.053627014160156
447,26.089279174804688,26.076496124267578,26.06177520751953,26.05136489868164
448,26.086265563964844,26.070701599121094,26.059534072875977,26.0493106842041
449,26.083229064941406,26.07097625732422,26.059785842895508,26.04338264465332
450,26.086265563964844,26.073745727539062,26.056180953979492,26.040071487426758
451,26.086265563964844,26.06763458251953,26.05058479309082,26.0255184173584
452,26.08017349243164,26.06206703186035,26.03609275817871,26.012149810791016
453,25.988271713256836,25.967824935913086,25.94878578186035,25.927738189697266
454,25.97872543334961,25.958942413330078,25.937238693237305,25.913623809814453
455,25.97872543334961,25.955698013305664,25.930919647216797,25.901020050048828
456,25.975502014160156,25.949426651000977,25.918405532836914,25.87903594970703
457,25.972253799438477,25.939794540405273,25.899213790893555,25.853939056396484
458,25.965700149536133,25.923583984375,25.877025604248047,25.8293399810791
459,25.955713272094727,25.907352447509766,25.8581600189209,25.80779457092285
460,25.94894790649414,25.89751434326172,25.845293045043945,25.80262565612793
461,25.94552993774414,25.890804290771484,25.845956802368164,25.80678939819336
462,25.895029067993164,25.84996795654297,25.81061553955078,25.77656364440918
463,25.85468292236328,25.815105438232422,25.780853271484375,25.748058319091797
464,25.858165740966797,25.821918487548828,25.78736686706543,25.74716567993164
465,25.86162757873535,25.825214385986328,25.78343963623047,25.736162185668945
466,25.86162757873535,25.818204879760742,25.769559860229492,25.733644485473633
467,25.85468292236328,25.804471969604492,25.767141342163086,25.72772789001465
468,25.847654342651367,25.808408737182617,25.767351150512695,25.724308013916016
469,25.858165740966797,25.814905166625977,25.769996643066406,25.723217010498047
470,25.85468292236328,25.808040618896484,25.759807586669922,25.70603370666504
471,25.75569725036621,25.709430694580078,25.657264709472656,25.598936080932617
472,25.752084732055664,25.698570251464844,25.63916778564453,25.583105087280273
473,25.744789123535156,25.684038162231445,25.62685775756836,25.57817840576172
474,25.640562057495117,25.584470748901367,25.536741256713867,25.51531982421875
475,25.544818878173828,25.497896194458008,25.477325439453125,25.482425689697266
476,25.551931381225586,25.530162811279297,25.534008026123047,25.57447624206543
477,25.577058792114258,25.579692840576172,25.6187686920166,25.687856674194336
478,25.601999282836914,25.640350341796875,25.708616256713867,25.814138412475586
479,25.54143714904785,25.613210678100586,25.723159790039062,25.863208770751953
480,25.573068618774414,25.684667587280273,25.826866149902344,25.980663299560547
481,25.61432647705078,25.760099411010742,25.918447494506836,26.077728271484375
482,25.650774002075195,25.8155517578125,25.982852935791016,26.152647018432617
483,25.67194938659668,25.848379135131836,26.02979278564453,26.207536697387695
484,25.78023338317871,25.96665382385254,26.150667190551758,26.327529907226562
485,25.891632080078125,26.082365036010742,26.26735496520996,26.43573760986328
486,25.997936248779297,26.191986083984375,26.37070083618164,26.53584861755371
487,26.01137351989746,26.21121597290039,26.400224685668945,26.566476821899414
488,26.110456466674805,26.31244468688965,26.492727279663086,26.64901351928711
489,26.214420318603516,26.408891677856445,26.579904556274414,26.722742080688477
490,26.30909538269043,26.496156692504883,26.654888153076172,26.785707473754883
491,26.40275764465332,26.57789421081543,26.724275588989258,26.84705924987793
492,26.40590476989746,26.583688735961914,26.735862731933594,26.858083724975586
493,26.494760513305664,26.663970947265625,26.801719665527344,26.909955978393555
494,26.50214195251465,26.67201042175293,26.808988571166992,26.91404914855957
495,26.588043212890625,26.742313385009766,26.86248207092285,26.956144332885742
496,26.589052200317383,26.74150848388672,26.86308479309082,26.95566177368164
497,26.66957664489746,26.806772232055664,26.912622451782227,26.992216110229492
498,26.670955657958984,26.80699920654297,26.91187286376953,26.986454010009766
499,26.670175552368164,26.805524826049805,26.905506134033203,26.9798526763916
500,26.749919891357422,26.862571716308594,26.94735336303711,27.005352020263672
501,26.82364845275879,26.917675018310547,26.983062744140625,27.02797508239746
502,26.899547576904297,26.969392776489258,27.017789840698242,27.043867111206055
503,26.893545150756836,26.960865020751953,27.001516342163086,27.02430534362793
504,26.88961410522461,26.94792938232422,26.984336853027344,27.00240135192871
505,26.87957191467285,26.932815551757812,26.963865280151367,26.97430992126465
506,26.794395446777344,26.85856819152832,26.8947696685791,26.91706657409668
507,26.706018447875977,26.776756286621094,26.82678985595703,26.85013771057129
508,26.692670822143555,26.761232376098633,26.79948616027832,26.81702995300293
509,26.606916427612305,26.677690505981445,26.721878051757812,26.752601623535156
510,26.59110450744629,26.652835845947266,26.698253631591797,26.72313117980957
511,26.578901290893555,26.639230728149414,26.67650032043457,26.675575256347656
512,26.49281120300293,26.55845832824707,26.581100463867188,26.591899871826172
513,26.48186683654785,26.51861000061035,26.541099548339844,26.549320220947266
514,26.450767517089844,26.485231399536133,26.5034236907959,26.510040283203125
515,26.358413696289062,26.397363662719727,26.421613693237305,26.438730239868164
516,26.34763526916504,26.379526138305664,26.403291702270508,26.41872787475586
517,26.252227783203125,26.29437255859375,26.325952529907227,26.350669860839844
518,26.248943328857422,26.286701202392578,26.316936492919922,26.34053611755371
519,26.244043350219727,26.280000686645508,26.308719635009766,26.333473205566406
520,26.241565704345703,26.2753849029541,26.304729461669922,26.33004379272461
521,26.239072799682617,26.273216247558594,26.302854537963867,26.32354164123535
522,26.325969696044922,26.34827995300293,26.362537384033203,26.372278213500977
523,26.325969696044922,26.34342384338379,26.355939865112305,26.366647720336914
524,26.23402976989746,26.261302947998047,26.285076141357422,26.305700302124023
525,26.231477737426758,26.25907325744629,26.283138275146484,26.3015193939209
526,26.231477737426758,26.25907325744629,26.280614852905273,26.29680824279785
527,26.231477737426758,26.256532669067383,26.275861740112305,26.292680740356445
528,26.228910446166992,26.251718521118164,26.27166175842285,26.289030075073242
529,26.2263240814209,26.249454498291016,26.269685745239258,26.28731346130371
530,26.2263240814209,26.249454498291016,26.269685745239258,26.284761428833008
531,26.2263240814209,26.249454498291016,26.267118453979492,26.27736473083496
532,26.2263240814209,26.246871948242188,26.25967025756836,26.268247604370117
533,26.22372055053711,26.239355087280273,26.250455856323242,26.25754737854004
534,26.21845817565918,26.23208236694336,26.241413116455078,26.24961280822754
535,26.126665115356445,26.14784049987793,26.166770935058594,26.183639526367188
536,26.123905181884766,26.145368576049805,26.16456413269043,26.1789493560791
537,26.123905181884766,26.145368576049805,26.161821365356445,26.1765079498291
538,26.123905181884766,26.142606735229492,26.15935707092285,26.17156219482422
539,26.12112808227539,26.140117645263672,26.15436363220215,26.16432762145996
540,26.12112808227539,26.13733673095703,26.14908790588379,26.15961265563965
541,26.118330001831055,26.132022857666016,26.14432144165039,26.14972496032715
542,26.115514755249023,26.12948989868164,26.136404037475586,26.139772415161133
543,26.115514755249023,26.123823165893555,26.128448486328125,26.129745483398438
544,26.10982322692871,26.11582374572754,26.118356704711914,26.12064552307129
545,26.106948852539062,26.11033821105957,26.1134033203125,26.11326789855957
546,26.104053497314453,26.107715606689453,26.108121871948242,26.105560302734375
547,26.012821197509766,26.0216064453125,26.026670455932617,26.03131675720215
548,26.009824752807617,26.01584815979004,26.021381378173828,26.026464462280273
549,26.006807327270508,26.013071060180664,26.018831253051758,26.021099090576172
550,26.006807327270508,26.013071060180664,26.015806198120117,26.012205123901367
551,26.006807327270508,26.010038375854492,26.00689125061035,26.000896453857422
552,25.910966873168945,25.9149169921875,25.915437698364258,25.915925979614258
553,25.904661178588867,25.905845642089844,25.906949996948242,25.90798568725586
554,25.901477813720703,25.902864456176758,25.904163360595703,25.902179718017578
555,25.901477813720703,25.902864456176758,25.90096092224121,25.899173736572266
556,25.901477813720703,25.899660110473633,25.89795684814453,25.896360397338867
557,25.898273468017578,25.896657943725586,25.895139694213867,25.896928787231445
558,25.898273468017578,25.896657943725586,25.89834976196289,25.893503189086914
559,25.898273468017578,25.89986228942871,25.89491844177246,25.89027976989746
560,25.901477813720703,25.896438598632812,25.891706466674805,25.884008407592773
561,25.895048141479492,25.890403747558594,25.882781982421875,25.869033813476562
562,25.895048141479492,25.88715171813965,25.873151779174805,25.85661506652832
563,25.79733657836914,25.7880802154541,25.775863647460938,25.760772705078125
564,25.790616989135742,25.77828598022461,25.763086318969727,25.752004623413086
565,25.787221908569336,25.77161979675293,25.760156631469727,25.756643295288086
566,25.78380584716797,25.771785736083984,25.767745971679688,25.769866943359375
567,25.6915340423584,25.69088363647461,25.696229934692383,25.723756790161133
568,25.60261344909668,25.611093521118164,25.641921997070312,25.698875427246094
569,25.608564376831055,25.639482498168945,25.696533203125,25.776782989501953
570,25.631221771240234,25.688600540161133,25.76922607421875,25.8685302734375
571,25.56208038330078,25.6480655670166,25.753536224365234,25.878877639770508
572,25.588226318359375,25.696269989013672,25.824777603149414,25.974395751953125
573,25.611398696899414,25.744041442871094,25.899038314819336,26.060909271240234
574,25.63724136352539,25.798309326171875,25.967870712280273,26.133750915527344
575,25.667463302612305,25.84527587890625,26.021459579467773,26.197284698486328
576,25.781415939331055,25.962207794189453,26.143829345703125,26.322368621826172
577,25.791481018066406,25.987131118774414,26.18318748474121,26.36603546142578
578,25.90172004699707,26.105815887451172,26.298301696777344,26.47038459777832
579,26.012409210205078,26.215301513671875,26.39923095703125,26.564468383789062
580,26.11373519897461,26.31066131591797,26.490041732788086,26.6436824798584
581,26.209590911865234,26.403554916381836,26.57230567932129,26.7154598236084
582,26.307939529418945,26.49199104309082,26.650354385375977,26.78091812133789
583,26.399545669555664,26.574140548706055,26.7200984954834,26.842144012451172
584,26.404939651489258,26.58182144165039,26.732786178588867,26.85720443725586
585,26.493755340576172,26.661619186401367,26.801471710205078,26.91351890563965
586,26.584516525268555,26.740245819091797,26.866209030151367,26.96234703063965
587,26.59001922607422,26.747848510742188,26.871408462524414,26.953767776489258
588,26.67530059814453,26.814699172973633,26.91039276123047,26.986806869506836
589,26.674442291259766,26.801162719726562,26.903545379638672,26.977371215820312
590,26.74200439453125,26.85776710510254,26.942724227905273,27.0144100189209
591,26.74580192565918,26.856815338134766,26.949687957763672,27.010923385620117
592,26.821165084838867,26.922548294067383,26.99060821533203,27.030139923095703
593,26.906356811523438,26.978439331054688,27.02109718322754,27.05459213256836
594,26.897680282592773,26.960620880126953,27.009693145751953,27.043739318847656
595,26.88633918762207,26.953922271728516,27.002300262451172,27.032012939453125
596,26.888185501098633,26.952959060668945,26.995351791381836,27.012348175048828
597,26.885873794555664,26.945016860961914,26.974853515625,26.980308532714844
598,26.802400588989258,26.866796493530273,26.899181365966797,26.908193588256836
599,26.787456512451172,26.83860206604004,26.862205505371094,26.887298583984375
600,26.691822052001953,26.748598098754883,26.800010681152344,26.83148193359375
601,26.675874710083008,26.743141174316406,26.787620544433594,26.786771774291992
602,26.68294334411621,26.74067497253418,26.75043296813965,26.752445220947266
603,26.594594955444336,26.635217666625977,26.66190528869629,26.667518615722656
604,26.5588321685791,26.600740432739258,26.618703842163086,26.626447677612305
605,26.553003311157227,26.5801944732666,26.59547233581543,26.600704193115234
606,26.45429039001465,26.492536544799805,26.51685905456543,26.52960777282715
607,26.44736099243164,26.479516983032227,26.49886703491211,26.507431030273438
608,26.440017700195312,26.466100692749023,26.48031997680664,26.489898681640625
609,26.347911834716797,26.381099700927734,26.40691566467285,26.42638397216797
610,26.297197341918945,26.33549690246582,26.36591148376465,26.389448165893555
611,26.251365661621094,26.29362678527832,26.327707290649414,26.35455322265625
612,26.248943328857422,26.289121627807617,26.321435928344727,26.3467960357666
613,26.246501922607422,26.284582138061523,26.315107345581055,26.341373443603516
614,26.330795288085938,26.354812622070312,26.37531280517578,26.390365600585938
615,26.328393936157227,26.352760314941406,26.371179580688477,26.38685417175293
616,26.328393936157227,26.350358963012695,26.3691349029541,26.382732391357422
617,26.325969696044922,26.34827995300293,26.36495590209961,26.376768112182617
618,26.239072799682617,26.270729064941406,26.295759201049805,26.31741714477539
619,26.236557006835938,26.266033172607422,26.29168701171875,26.308921813964844
620,26.23402976989746,26.263826370239258,26.284751892089844,26.305421829223633
621,26.23402976989746,26.25876235961914,26.282869338989258,26.30379295349121
622,26.228910446166992,26.2568302154541,26.281185150146484,26.29982566833496
623,26.231477737426758,26.25907325744629,26.280614852905273,26.29680824279785
624,26.231477737426758,26.256532669067383,26.275861740112305,26.28757095336914
625,26.140174865722656,26.173370361328125,26.197551727294922,26.21629524230957
626,26.137510299682617,26.16567611694336,26.188058853149414,26.20789909362793
627,26.132123947143555,26.158172607421875,26.1813907623291,26.199323654174805
628,26.129405975341797,26.155746459960938,26.176536560058594,26.19232177734375
629,26.129405975341797,26.153030395507812,26.17140007019043,26.182294845581055
630,26.126665115356445,26.14784049987793,26.161272048950195,26.170501708984375
631,26.123905181884766,26.139829635620117,26.151321411132812,26.16160774230957
632,26.118330001831055,26.132022857666016,26.14432144165039,26.152545928955078
633,26.115514755249023,26.12948989868164,26.13923454284668,26.142318725585938
634,26.024612426757812,26.044214248657227,26.056272506713867,26.064329147338867
635,26.021692276000977,26.035688400268555,26.045541763305664,26.054542541503906
636,26.015798568725586,26.027324676513672,26.037885665893555,26.047544479370117
637,26.012821197509766,26.024595260620117,26.035388946533203,26.045265197753906
638,26.012821197509766,26.024595260620117,26.035388946533203,26.04229736328125
639,26.012821197509766,26.024595260620117,26.032411575317383,26.03957176208496
640,26.012821197509766,26.0216064453125,26.02967071533203,26.040037155151367
641,26.009824752807617,26.01885414123535,26.030126571655273,26.04045295715332
642,26.009824752807617,26.021848678588867,26.032873153686523,26.039993286132812
643,26.012821197509766,26.024595260620117,26.032411575317383,26.03658103942871
644,25.920263290405273,25.936058044433594,25.947662353515625,25.95843505859375
645,25.917186737060547,25.93010902404785,25.942134857177734,25.95330810546875
646,25.914087295532227,25.927221298217773,25.939449310302734,25.956928253173828
647,25.914087295532227,25.927221298217773,25.945585250854492,25.968639373779297
648,25.914087295532227,25.933382034301758,25.95734405517578,25.97650718688965
649,25.920263290405273,25.9451847076416,25.96526336669922,25.986804962158203
650,25.926362991333008,25.947826385498047,25.97071075439453,25.988845825195312
651,25.923324584960938,25.948022842407227,25.967893600463867,25.983245849609375
652,25.926362991333008,25.947826385498047,25.964689254760742,25.97726058959961
653,25.923324584960938,25.941965103149414,25.956214904785156,25.969419479370117
654,25.826536178588867,25.848377227783203,25.868898391723633,25.88812828063965
655,25.823375701904297,25.845401763916016,25.866100311279297,25.885507583618164
656,25.823375701904297,25.845401763916016,25.866100311279297,25.882383346557617
657,25.823375701904297,25.845401763916016,25.862958908081055,25.87628746032715
658,25.823375701904297,25.842239379882812,25.8568172454834,25.864145278930664
659,25.8201961517334,25.8360595703125,25.84459686279297,25.852642059326172
660,25.816991806030273,25.826597213745117,25.835670471191406,25.854143142700195
661,25.81052589416504,25.820484161376953,25.8398380279541,25.85691261291504
662,25.715396881103516,25.740203857421875,25.763578414916992,25.711713790893555
663,25.725521087646484,25.74974822998047,25.699831008911133,25.68907356262207
664,25.630849838256836,25.59735679626465,25.599218368530273,25.675090789794922
665,25.657020568847656,25.651586532592773,25.725000381469727,25.797203063964844
666,25.513561248779297,25.593080520629883,25.67181396484375,25.679777145385742
667,24.90979766845703,25.015586853027344,25.100317001342773,25.161060333251953
668,25.00630760192871,25.09223175048828,25.154695510864258,25.24063491821289
669,25.08673858642578,25.150375366210938,25.23682403564453,25.37846565246582
670,25.160808563232422,25.24602508544922,25.38733673095703,25.53476905822754
671,25.369121551513672,25.50601577758789,25.6486873626709,25.71286392211914
672,25.535747528076172,25.677122116088867,25.73790740966797,25.72455406188965
673,25.64293098449707,25.707792282104492,25.700101852416992,25.68893814086914
674,25.669898986816406,25.66929817199707,25.664358139038086,25.658527374267578
675,25.693771362304688,25.68388557434082,25.673933029174805,25.685548782348633
676,25.76848602294922,25.740571975708008,25.739788055419922,25.732450485229492
677,25.60772705078125,25.631553649902344,25.645395278930664,25.650320053100586
678,25.543561935424805,25.57447052001953,25.59417724609375,25.619264602661133
679,25.61996841430664,25.630199432373047,25.648216247558594,25.668615341186523
680,25.614389419555664,25.635513305664062,25.658388137817383,25.58642578125
681,25.62394905090332,25.64907455444336,25.58094024658203,25.540063858032227
682,25.71027374267578,25.61701202392578,25.562484741210938,25.549524307250977
683,25.610952377319336,25.5587158203125,25.546857833862305,25.598859786987305
684,25.73898696899414,25.674551010131836,25.701583862304688,25.71331024169922
685,25.576078414916992,25.622385025024414,25.650930404663086,25.69278907775879
686,25.681852340698242,25.69778060913086,25.730695724487305,25.780725479125977
687,25.712066650390625,25.74224281311035,25.790292739868164,25.857181549072266
688,25.732492446899414,25.782215118408203,25.850337982177734,25.938817977905273
689,25.776004791259766,25.845077514648438,25.93427848815918,25.82335090637207
690,25.823013305664062,25.915210723876953,25.80972671508789,25.824081420898438
691,25.873592376708984,25.779953002929688,25.80003547668457,25.811155319213867
692,25.72722816467285,25.75737190246582,25.776731491088867,25.78592872619629
693,25.572664260864258,25.627044677734375,25.665176391601562,25.74502182006836
694,25.649246215820312,25.68312644958496,25.7605037689209,25.70368003845215
695,25.72411346435547,25.79578971862793,25.73150634765625,25.66395378112793
696,25.775043487548828,25.715152740478516,25.651357650756836,25.60913848876953
697,25.576766967773438,25.544687271118164,25.525667190551758,25.51406478881836
698,25.63968849182129,25.600013732910156,25.573055267333984,25.67483901977539
699,25.412546157836914,25.424365997314453,25.534671783447266,25.642105102539062
700,25.335372924804688,25.450443267822266,25.562143325805664,25.668107986450195
701,25.416934967041016,25.530256271362305,25.637920379638672,25.739582061767578
702,25.890913009643555,25.97463607788086,26.05087661743164,26.11697769165039
703,25.890913009643555,25.97463607788086,26.04828643798828,26.114656448364258
704,25.982954025268555,26.055818557739258,26.121400833129883,26.179794311523438
705,25.980310440063477,26.05342674255371,26.119260787963867,26.175399780273438
706,26.420562744140625,26.437847137451172,26.450050354003906,26.457965850830078
707,26.50395965576172,26.50499725341797,26.503612518310547,26.50020980834961
708,26.583547592163086,26.56800651550293,26.553133010864258,26.538724899291992
709,26.58136749267578,26.56402587890625,26.54764747619629,26.529687881469727
710,26.579172134399414,26.560016632080078,26.53984260559082,26.51980972290039
711,26.65734100341797,26.618852615356445,26.58441734313965,26.552932739257812
712,26.572490692138672,26.546630859375,26.52191162109375,26.49912452697754
713,26.569091796875,26.540380477905273,26.514406204223633,26.490510940551758
714,26.524686813354492,26.501422882080078,26.479707717895508,26.459148406982422
715,26.480920791625977,26.46259117126465,26.44478988647461,26.427330017089844
716,26.394350051879883,26.387052536010742,26.378318786621094,26.37085723876953
